,height,width,aratio
1,125,125,1
2,57,468,8.2105
3,33,230,6.9696
4,60,468,7.8
5,60,468,7.8
6,60,468,7.8
7,59,460,7.7966
8,60,234,3.9
9,60,468,7.8
10,60,468,7.8
11,90,52,0.5777
12,90,60,0.6666
13,90,60,0.6666
14,33,230,6.9696
15,60,468,7.8
16,60,468,7.8
17,125,125,1
18,60,468,7.8
19,30,585,19.5
20,90,60,0.6666
21,90,60,0.6666
22,90,60,0.6666
23,90,60,0.6666
24,90,52,0.5777
25,90,60,0.6666
26,60,468,7.8
27,60,234,3.9
28,60,234,3.9
29,60,88,1.4666
30,60,120,2
31,35,125,3.5714
32,60,468,7.8
33,60,468,7.8
34,60,468,7.8
35,72,392,5.4444
36,60,468,7.8
37,60,468,7.8
38,50,107,2.14
39,50,107,2.14
40,50,107,2.14
41,50,107,2.14
42,60,468,7.8
43,125,125,1
44,60,468,7.8
45,60,468,7.8
46,60,468,7.8
47,125,125,1
48,60,468,7.8
49,60,468,7.8
50,60,120,2
51,60,468,7.8
52,60,468,7.8
53,60,468,7.8
54,125,125,1
55,60,468,7.8
56,120,125,1.0416
57,60,468,7.8
58,60,234,3.9
59,60,234,3.9
60,60,468,7.8
61,60,468,7.8
62,2,2,1
63,60,120,2
64,65,125,1.923
65,125,125,1
66,125,125,1
67,60,468,7.8
68,60,468,7.8
69,60,468,7.8
70,60,234,3.9
71,44,127,2.8863
72,60,468,7.8
73,80,80,1
74,80,80,1
75,80,80,1
76,60,468,7.8
77,80,80,1
78,80,80,1
79,80,80,1
80,125,125,1
81,60,468,7.8
82,60,468,7.8
83,60,468,7.8
84,60,468,7.8
85,60,468,7.8
86,60,234,3.9
87,60,234,3.9
88,60,234,3.9
89,60,234,3.9
90,64,231,3.6093
91,31,88,2.8387
92,100,100,1
93,74,54,0.7297
94,31,96,3.0967
95,100,100,1
96,93,147,1.5806
97,60,95,1.5833
98,21,188,8.9523
99,20,58,2.9
100,60,468,7.8
101,60,468,7.8
102,60,468,7.8
103,60,468,7.8
104,55,460,8.3636
105,60,468,7.8
106,60,468,7.8
107,135,126,0.9333
108,135,126,0.9333
109,135,126,0.9333
110,135,126,0.9333
111,30,159,5.3
112,21,183,8.7142
113,50,400,8
114,50,400,8
115,60,468,7.8
116,60,468,7.8
117,60,468,7.8
118,60,468,7.8
119,26,468,18
120,60,468,7.8
121,136,93,0.6838
122,60,468,7.8
123,60,468,7.8
124,60,468,7.8
125,124,120,0.9677
126,60,468,7.8
127,125,125,1
128,125,125,1
129,60,468,7.8
130,60,468,7.8
131,60,468,7.8
132,60,468,7.8
133,60,468,7.8
134,60,468,7.8
135,20,83,4.15
136,60,468,7.8
137,60,468,7.8
138,60,468,7.8
139,60,468,7.8
140,60,468,7.8
141,124,120,0.9677
142,60,468,7.8
143,52,476,9.1538
144,45,100,2.2222
145,45,100,2.2222
146,45,100,2.2222
147,45,100,2.2222
148,60,468,7.8
149,124,120,0.9677
150,125,125,1
151,60,468,7.8
152,60,468,7.8
153,60,468,7.8
154,165,90,0.5454
155,60,468,7.8
156,60,468,7.8
157,60,468,7.8
158,60,468,7.8
159,60,468,7.8
160,125,125,1
161,60,468,7.8
162,60,468,7.8
163,60,468,7.8
164,60,468,7.8
165,60,468,7.8
166,60,468,7.8
167,60,468,7.8
168,25,75,3
169,60,468,7.8
170,125,125,1
171,60,468,7.8
172,60,234,3.9
173,60,468,7.8
174,105,225,2.1428
175,60,468,7.8
176,60,468,7.8
177,60,468,7.8
178,125,125,1
179,60,468,7.8
180,60,468,7.8
181,60,234,3.9
182,60,468,7.8
183,60,400,6.6666
184,60,468,7.8
185,125,125,1
186,60,468,7.8
187,60,234,3.9
188,60,234,3.9
189,31,88,2.8387
190,60,468,7.8
191,60,468,7.8
192,88,88,1
193,88,88,1
194,60,468,7.8
195,60,468,7.8
196,60,234,3.9
197,60,468,7.8
198,60,468,7.8
199,73,69,0.9452
200,72,392,5.4444
201,72,392,5.4444
202,60,468,7.8
203,60,88,1.4666
204,60,88,1.4666
205,60,468,7.8
206,60,88,1.4666
207,60,468,7.8
208,90,120,1.3333
209,90,120,1.3333
210,90,120,1.3333
211,90,120,1.3333
212,60,468,7.8
213,93,261,2.8064
214,60,468,7.8
215,60,468,7.8
216,60,468,7.8
217,60,468,7.8
218,33,270,8.1818
219,60,468,7.8
220,33,142,4.303
221,33,230,6.9696
222,33,230,6.9696
223,60,468,7.8
224,60,468,7.8
225,60,120,2
226,60,120,2
227,60,234,3.9
228,60,468,7.8
229,60,468,7.8
230,60,120,2
231,60,234,3.9
232,60,468,7.8
233,125,125,1
234,60,468,7.8
235,43,230,5.3488
236,43,230,5.3488
237,60,468,7.8
238,60,468,7.8
239,60,468,7.8
240,60,468,7.8
241,43,230,5.3488
242,43,230,5.3488
243,43,230,5.3488
244,43,230,5.3488
245,60,234,3.9
246,60,468,7.8
247,60,468,7.8
248,120,125,1.0416
249,50,370,7.4
250,50,455,9.1
251,30,200,6.6666
252,30,200,6.6666
253,30,200,6.6666
254,30,200,6.6666
255,30,200,6.6666
256,30,200,6.6666
257,30,200,6.6666
258,50,309,6.18
259,60,89,1.4833
260,33,230,6.9696
261,73,69,0.9452
262,73,69,0.9452
263,73,69,0.9452
264,60,468,7.8
265,60,468,7.8
266,60,468,7.8
267,60,468,7.8
268,60,468,7.8
269,60,468,7.8
270,60,120,2
271,60,120,2
272,60,468,7.8
273,60,120,2
274,477,129,0.2704
275,125,125,1
276,65,125,1.923
277,477,129,0.2704
278,125,125,1
279,60,468,7.8
280,60,468,7.8
281,60,468,7.8
282,60,468,7.8
283,60,468,7.8
284,60,468,7.8
285,70,470,6.7142
286,60,468,7.8
287,60,468,7.8
288,60,468,7.8
289,60,43,0.7166
290,60,468,7.8
291,60,468,7.8
292,60,468,7.8
293,60,468,7.8
294,90,60,0.6666
295,60,468,7.8
296,60,88,1.4666
297,60,468,7.8
298,105,225,2.1428
299,33,230,6.9696
300,60,468,7.8
301,60,468,7.8
302,60,468,7.8
303,60,468,7.8
304,124,120,0.9677
305,60,468,7.8
306,60,468,7.8
307,60,468,7.8
308,60,468,7.8
309,60,468,7.8
310,60,468,7.8
311,60,468,7.8
312,60,468,7.8
313,125,125,1
314,125,125,1
315,40,400,10
316,50,400,8
317,60,468,7.8
318,60,468,7.8
319,40,400,10
320,60,468,7.8
321,60,468,7.8
322,40,400,10
323,60,468,7.8
324,60,468,7.8
325,60,468,7.8
326,45,345,7.6666
327,31,90,2.9032
328,60,150,2.5
329,50,400,8
330,60,468,7.8
331,60,468,7.8
332,60,468,7.8
333,55,460,8.3636
334,88,520,5.909
335,240,120,0.5
336,60,468,7.8
337,55,460,8.3636
338,51,433,8.4901
339,40,100,2.5
340,60,468,7.8
341,60,468,7.8
342,50,400,8
343,60,468,7.8
344,50,400,8
345,60,468,7.8
346,60,468,7.8
347,59,164,2.7796
348,60,468,7.8
349,55,460,8.3636
350,33,230,6.9696
351,90,215,2.3888
352,100,510,5.1
353,60,468,7.8
354,72,392,5.4444
355,68,612,9
356,171,227,1.3274
357,60,440,7.3333
358,60,130,2.1666
359,60,430,7.1666
360,60,468,7.8
361,50,400,8
362,60,468,7.8
363,60,468,7.8
364,55,460,8.3636
365,60,468,7.8
366,60,468,7.8
367,60,468,7.8
368,60,468,7.8
369,71,164,2.3098
370,29,148,5.1034
371,60,280,4.6666
372,90,90,1
373,38,264,6.9473
374,55,416,7.5636
375,60,150,2.5
376,36,216,6
377,72,144,2
378,60,468,7.8
379,50,150,3
380,50,150,3
381,50,150,3
382,60,468,7.8
383,50,150,3
384,60,468,7.8
385,40,400,10
386,60,468,7.8
387,46,109,2.3695
388,12,57,4.75
389,95,150,1.5789
390,30,130,4.3333
391,35,36,1.0285
392,80,92,1.15
393,20,90,4.5
394,41,239,5.8292
395,96,218,2.2708
396,16,16,1
397,46,109,2.3695
398,150,225,1.5
399,159,209,1.3144
400,20,90,4.5
401,12,117,9.75
402,110,111,1.009
403,161,220,1.3664
404,12,234,19.5
405,16,16,1
406,15,0,0
407,100,100,1
408,195,288,1.4769
409,11,96,8.7272
410,50,50,1
411,114,140,1.228
412,50,58,1.16
413,20,90,4.5
414,60,234,3.9
415,30,130,4.3333
416,160,199,1.2437
417,63,110,1.746
418,134,184,1.3731
419,135,106,0.7851
420,40,50,1.25
421,52,144,2.7692
422,24,75,3.125
423,31,88,2.8387
424,30,130,4.3333
425,95,64,0.6736
426,62,88,1.4193
427,106,183,1.7264
428,200,250,1.25
429,20,116,5.8
430,51,35,0.6862
431,16,16,1
432,39,120,3.0769
433,30,130,4.3333
434,55,58,1.0545
435,40,46,1.15
436,11,89,8.0909
437,60,117,1.95
438,51,35,0.6862
439,52,144,2.7692
440,30,130,4.3333
441,90,120,1.3333
442,115,205,1.7826
443,50,93,1.86
444,25,100,4
445,75,200,2.6666
446,50,45,0.9
447,60,60,1
448,12,101,8.4166
449,10,600,60
450,207,200,0.9661
451,46,109,2.3695
452,32,32,1
453,27,41,1.5185
454,11,64,5.8181
455,43,178,4.1395
456,16,16,1
457,48,264,5.5
458,46,109,2.3695
459,150,250,1.6666
460,107,120,1.1214
461,51,260,5.098
462,71,95,1.338
463,36,227,6.3055
464,60,51,0.85
465,20,200,10
466,30,130,4.3333
467,60,60,1
468,31,88,2.8387
469,100,0,0
470,30,130,4.3333
471,52,144,2.7692
472,12,101,8.4166
473,16,16,1
474,75,95,1.2666
475,25,100,4
476,40,40,1
477,40,130,3.25
478,120,200,1.6666
479,28,74,2.6428
480,125,125,1
481,23,26,1.1304
482,100,0,0
483,31,88,2.8387
484,60,468,7.8
485,52,144,2.7692
486,11,64,5.8181
487,60,140,2.3333
488,41,239,5.8292
489,100,100,1
490,23,30,1.3043
491,40,40,1
492,125,125,1
493,161,119,0.7391
494,51,35,0.6862
495,10,600,60
496,27,41,1.5185
497,120,200,1.6666
498,52,299,5.75
499,75,95,1.2666
500,12,117,9.75
501,54,239,4.4259
502,102,179,1.7549
503,23,30,1.3043
504,149,182,1.2214
505,16,162,10.125
506,62,148,2.387
507,40,46,1.15
508,150,75,0.5
509,46,100,2.1739
510,46,109,2.3695
511,125,125,1
512,119,150,1.2605
513,11,96,8.7272
514,76,108,1.421
515,79,150,1.8987
516,158,108,0.6835
517,154,231,1.5
518,100,100,1
519,51,35,0.6862
520,8,82,10.25
521,46,100,2.1739
522,33,124,3.7575
523,153,186,1.2156
524,46,184,4
525,46,109,2.3695
526,150,250,1.6666
527,11,89,8.0909
528,52,144,2.7692
529,134,184,1.3731
530,32,260,8.125
531,23,30,1.3043
532,40,40,1
533,83,150,1.8072
534,174,152,0.8735
535,156,242,1.5512
536,25,100,4
537,46,100,2.1739
538,128,200,1.5625
539,14,30,2.1428
540,20,92,4.6
541,172,139,0.8081
542,23,30,1.3043
543,12,57,4.75
544,27,218,8.074
545,75,95,1.2666
546,104,104,1
547,40,40,1
548,16,16,1
549,146,141,0.9657
550,65,110,1.6923
551,90,64,0.7111
552,154,125,0.8116
553,11,94,8.5454
554,50,45,0.9
555,79,150,1.8987
556,28,140,5
557,11,96,8.7272
558,11,89,8.0909
559,98,156,1.5918
560,28,150,5.3571
561,23,30,1.3043
562,26,163,6.2692
563,144,124,0.8611
564,175,148,0.8457
565,20,92,4.6
566,40,40,1
567,23,30,1.3043
568,11,94,8.5454
569,116,200,1.7241
570,79,150,1.8987
571,145,148,1.0206
572,150,200,1.3333
573,20,10,0.5
574,160,238,1.4875
575,100,100,1
576,12,102,8.5
577,16,16,1
578,46,100,2.1739
579,12,101,8.4166
580,98,198,2.0204
581,60,120,2
582,99,144,1.4545
583,12,86,7.1666
584,31,88,2.8387
585,25,100,4
586,12,102,8.5
587,220,220,1
588,25,100,4
589,60,150,2.5
590,46,100,2.1739
591,120,105,0.875
592,40,230,5.75
593,36,40,1.1111
594,25,100,4
595,200,242,1.21
596,93,150,1.6129
597,16,16,1
598,12,57,4.75
599,185,122,0.6594
600,50,50,1
601,34,113,3.3235
602,25,100,4
603,31,88,2.8387
604,16,16,1
605,40,40,1
606,12,86,7.1666
607,25,124,4.96
608,239,147,0.615
609,23,58,2.5217
610,29,100,3.4482
611,20,151,7.55
612,102,179,1.7549
613,24,236,9.8333
614,16,16,1
615,12,57,4.75
616,140,172,1.2285
617,262,225,0.8587
618,21,133,6.3333
619,16,16,1
620,11,89,8.0909
621,135,125,0.9259
622,20,10,0.5
623,102,179,1.7549
624,142,198,1.3943
625,12,98,8.1666
626,12,101,8.4166
627,11,96,8.7272
628,142,198,1.3943
629,20,92,4.6
630,16,16,1
631,54,100,1.8518
632,191,144,0.7539
633,23,127,5.5217
634,22,150,6.8181
635,20,92,4.6
636,120,120,1
637,20,134,6.7
638,31,88,2.8387
639,11,94,8.5454
640,23,127,5.5217
641,87,94,1.0804
642,25,100,4
643,142,198,1.3943
644,20,10,0.5
645,25,100,4
646,23,26,1.1304
647,257,190,0.7392
648,134,184,1.3731
649,120,120,1
650,66,170,2.5757
651,11,64,5.8181
652,32,32,1
653,154,231,1.5
654,120,120,1
655,10,600,60
656,108,120,1.1111
657,200,150,0.75
658,44,110,2.5
659,12,86,7.1666
660,75,150,2
661,51,209,4.098
662,16,16,1
663,12,101,8.4166
664,25,100,4
665,359,243,0.6768
666,12,102,8.5
667,21,112,5.3333
668,15,15,1
669,140,140,1
670,115,159,1.3826
671,50,200,4
672,175,158,0.9028
673,90,90,1
674,12,102,8.5
675,85,237,2.7882
676,75,150,2
677,132,200,1.5151
678,120,120,1
679,237,0,0
680,131,122,0.9312
681,57,37,0.6491
682,96,122,1.2708
683,12,101,8.4166
684,58,150,2.5862
685,50,82,1.64
686,76,146,1.921
687,16,16,1
688,78,101,1.2948
689,90,90,1
690,125,125,1
691,12,101,8.4166
692,90,109,1.2111
693,33,224,6.7878
694,23,26,1.1304
695,149,182,1.2214
696,31,88,2.8387
697,16,16,1
698,75,150,2
699,120,120,1
700,114,110,0.9649
701,35,126,3.6
702,32,32,1
703,75,150,2
704,50,50,1
705,96,135,1.4062
706,212,201,0.9481
707,60,95,1.5833
708,50,50,1
709,75,150,2
710,11,94,8.5454
711,31,88,2.8387
712,120,120,1
713,35,126,3.6
714,95,80,0.8421
715,40,40,1
716,108,203,1.8796
717,11,96,8.7272
718,25,25,1
719,64,64,1
720,35,126,3.6
721,18,191,10.6111
722,40,140,3.5
723,11,89,8.0909
724,140,140,1
725,123,137,1.1138
726,108,229,2.1203
727,92,96,1.0434
728,12,57,4.75
729,31,88,2.8387
730,96,135,1.4062
731,54,90,1.6666
732,146,141,0.9657
733,90,90,1
734,75,150,2
735,65,95,1.4615
736,16,16,1
737,90,90,1
738,75,234,3.12
739,148,200,1.3513
740,35,156,4.4571
741,92,255,2.7717
742,60,67,1.1166
743,36,41,1.1388
744,43,140,3.2558
745,16,16,1
746,70,50,0.7142
747,100,160,1.6
748,90,90,1
749,43,140,3.2558
750,35,126,3.6
751,11,11,1
752,11,94,8.5454
753,40,46,1.15
754,84,73,0.869
755,133,120,0.9022
756,11,11,1
757,154,196,1.2727
758,90,90,1
759,41,239,5.8292
760,125,250,2
761,31,88,2.8387
762,152,116,0.7631
763,20,92,4.6
764,90,90,1
765,11,11,1
766,20,400,20
767,145,162,1.1172
768,48,264,5.5
769,11,64,5.8181
770,11,11,1
771,152,116,0.7631
772,70,59,0.8428
773,35,126,3.6
774,40,40,1
775,20,150,7.5
776,21,21,1
777,35,126,3.6
778,131,196,1.4961
779,40,46,1.15
780,12,101,8.4166
781,100,0,0
782,69,75,1.0869
783,100,0,0
784,94,185,1.968
785,40,46,1.15
786,20,150,7.5
787,82,77,0.939
788,78,101,1.2948
789,20,10,0.5
790,12,101,8.4166
791,40,46,1.15
792,214,150,0.7009
793,110,176,1.6
794,90,127,1.4111
795,23,26,1.1304
796,48,48,1
797,32,32,1
798,11,64,5.8181
799,49,67,1.3673
800,50,50,1
801,48,75,1.5625
802,152,116,0.7631
803,36,38,1.0555
804,16,106,6.625
805,44,404,9.1818
806,80,200,2.5
807,16,106,6.625
808,100,0,0
809,75,59,0.7866
810,90,90,1
811,40,40,1
812,20,92,4.6
813,28,140,5
814,35,156,4.4571
815,51,75,1.4705
816,20,10,0.5
817,15,15,1
818,152,116,0.7631
819,60,75,1.25
820,100,100,1
821,90,90,1
822,23,30,1.3043
823,120,100,0.8333
824,61,194,3.1803
825,30,36,1.2
826,133,161,1.2105
827,31,88,2.8387
828,72,73,1.0138
829,57,89,1.5614
830,119,250,2.1008
831,40,40,1
832,21,100,4.7619
833,87,102,1.1724
834,78,101,1.2948
835,85,66,0.7764
836,20,84,4.2
837,16,130,8.125
838,20,10,0.5
839,45,63,1.4
840,16,16,1
841,64,158,2.4687
842,62,128,2.0645
843,40,40,1
844,23,26,1.1304
845,154,231,1.5
846,29,60,2.0689
847,40,40,1
848,15,15,1
849,96,466,4.8541
850,100,102,1.02
851,12,101,8.4166
852,16,130,8.125
853,115,150,1.3043
854,31,88,2.8387
855,16,120,7.5
856,50,400,8
857,89,83,0.9325
858,44,38,0.8636
859,56,56,1
860,193,180,0.9326
861,71,61,0.8591
862,51,161,3.1568
863,62,128,2.0645
864,71,71,1
865,31,88,2.8387
866,134,184,1.3731
867,65,110,1.6923
868,61,161,2.6393
869,52,52,1
870,65,110,1.6923
871,31,88,2.8387
872,12,101,8.4166
873,27,41,1.5185
874,115,212,1.8434
875,11,89,8.0909
876,51,161,3.1568
877,16,106,6.625
878,51,225,4.4117
879,60,202,3.3666
880,16,130,8.125
881,125,125,1
882,44,110,2.5
883,51,161,3.1568
884,74,74,1
885,16,130,8.125
886,72,72,1
887,77,77,1
888,16,130,8.125
889,134,184,1.3731
890,144,50,0.3472
891,20,600,30
892,16,106,6.625
893,44,110,2.5
894,40,46,1.15
895,12,57,4.75
896,15,15,1
897,154,231,1.5
898,12,123,10.25
899,44,110,2.5
900,149,182,1.2214
901,44,110,2.5
902,10,600,60
903,74,78,1.054
904,31,88,2.8387
905,100,149,1.49
906,100,100,1
907,16,16,1
908,13,255,19.6153
909,11,11,1
910,32,32,1
911,16,16,1
912,60,120,2
913,62,60,0.9677
914,306,372,1.2156
915,32,88,2.75
916,149,182,1.2214
917,84,87,1.0357
918,113,204,1.8053
919,16,130,8.125
920,51,161,3.1568
921,84,87,1.0357
922,57,45,0.7894
923,100,100,1
924,63,60,0.9523
925,15,15,1
926,16,130,8.125
927,31,88,2.8387
928,34,44,1.2941
929,26,133,5.1153
930,65,55,0.8461
931,16,16,1
932,60,45,0.75
933,140,140,1
934,96,135,1.4062
935,51,201,3.9411
936,213,240,1.1267
937,10,600,60
938,60,45,0.75
939,16,130,8.125
940,36,41,1.1388
941,115,205,1.7826
942,11,96,8.7272
943,12,123,10.25
944,44,110,2.5
945,11,11,1
946,16,16,1
947,11,11,1
948,15,15,1
949,135,165,1.2222
950,84,88,1.0476
951,16,130,8.125
952,31,88,2.8387
953,44,110,2.5
954,12,101,8.4166
955,44,110,2.5
956,46,140,3.0434
957,120,120,1
958,65,145,2.2307
959,15,15,1
960,11,11,1
961,108,179,1.6574
962,16,16,1
963,187,290,1.5508
964,84,135,1.6071
965,43,126,2.9302
966,36,140,3.8888
967,56,128,2.2857
968,43,126,2.9302
969,15,15,1
970,12,102,8.5
971,43,125,2.9069
972,16,16,1
973,152,394,2.5921
974,44,110,2.5
975,43,211,4.9069
976,62,88,1.4193
977,51,76,1.4901
978,44,110,2.5
979,35,54,1.5428
980,110,210,1.909
981,114,110,0.9649
982,12,57,4.75
983,27,119,4.4074
984,36,140,3.8888
985,63,202,3.2063
986,10,600,60
987,26,133,5.1153
988,16,16,1
989,70,105,1.5
990,16,130,8.125
991,12,102,8.5
992,44,48,1.0909
993,11,11,1
994,104,135,1.298
995,60,140,2.3333
996,11,11,1
997,59,94,1.5932
998,44,46,1.0454
999,86,54,0.6279
1000,75,95,1.2666
1001,108,151,1.3981
1002,35,54,1.5428
1003,75,55,0.7333
1004,12,101,8.4166
1005,36,140,3.8888
1006,90,90,1
1007,16,16,1
1008,75,229,3.0533
1009,132,270,2.0454
1010,36,140,3.8888
1011,22,200,9.0909
1012,107,135,1.2616
1013,25,80,3.2
1014,31,88,2.8387
1015,11,11,1
1016,90,90,1
1017,16,16,1
1018,44,140,3.1818
1019,110,210,1.909
1020,35,54,1.5428
1021,75,71,0.9466
1022,60,140,2.3333
1023,63,75,1.1904
1024,13,89,6.8461
1025,31,88,2.8387
1026,35,54,1.5428
1027,11,89,8.0909
1028,25,133,5.32
1029,49,96,1.9591
1030,146,114,0.7808
1031,99,103,1.0404
1032,12,57,4.75
1033,60,140,2.3333
1034,11,11,1
1035,100,78,0.78
1036,16,16,1
1037,110,210,1.909
1038,80,85,1.0625
1039,33,159,4.8181
1040,11,96,8.7272
1041,45,48,1.0666
1042,36,140,3.8888
1043,75,73,0.9733
1044,90,73,0.8111
1045,57,50,0.8771
1046,93,135,1.4516
1047,70,70,1
1048,13,89,6.8461
1049,118,79,0.6694
1050,11,11,1
1051,12,98,8.1666
1052,43,46,1.0697
1053,63,202,3.2063
1054,54,100,1.8518
1055,60,140,2.3333
1056,99,101,1.0202
1057,18,24,1.3333
1058,45,47,1.0444
1059,80,89,1.1125
1060,132,100,0.7575
1061,39,38,0.9743
1062,26,133,5.1153
1063,110,210,1.909
1064,70,50,0.7142
1065,12,102,8.5
1066,16,16,1
1067,165,140,0.8484
1068,12,101,8.4166
1069,70,75,1.0714
1070,63,202,3.2063
1071,47,50,1.0638
1072,60,140,2.3333
1073,13,89,6.8461
1074,63,202,3.2063
1075,85,85,1
1076,80,83,1.0375
1077,20,96,4.8
1078,35,54,1.5428
1079,63,202,3.2063
1080,12,98,8.1666
1081,16,140,8.75
1082,40,48,1.2
1083,23,26,1.1304
1084,60,140,2.3333
1085,80,41,0.5125
1086,35,54,1.5428
1087,16,16,1
1088,351,494,1.4074
1089,12,101,8.4166
1090,41,67,1.6341
1091,110,210,1.909
1092,36,140,3.8888
1093,59,94,1.5932
1094,13,89,6.8461
1095,100,176,1.76
1096,44,47,1.0681
1097,31,88,2.8387
1098,12,86,7.1666
1099,60,140,2.3333
1100,11,94,8.5454
1101,16,140,8.75
1102,23,26,1.1304
1103,37,94,2.5405
1104,11,11,1
1105,32,259,8.0937
1106,95,174,1.8315
1107,11,64,5.8181
1108,216,165,0.7638
1109,107,135,1.2616
1110,60,75,1.25
1111,18,24,1.3333
1112,37,216,5.8378
1113,24,32,1.3333
1114,33,290,8.7878
1115,75,57,0.76
1116,12,101,8.4166
1117,100,160,1.6
1118,82,192,2.3414
1119,80,85,1.0625
1120,11,89,8.0909
1121,48,264,5.5
1122,31,88,2.8387
1123,36,140,3.8888
1124,11,94,8.5454
1125,22,38,1.7272
1126,32,319,9.9687
1127,12,57,4.75
1128,16,16,1
1129,75,95,1.2666
1130,45,44,0.9777
1131,31,88,2.8387
1132,75,71,0.9466
1133,45,44,0.9777
1134,24,32,1.3333
1135,31,88,2.8387
1136,70,15,0.2142
1137,15,15,1
1138,45,201,4.4666
1139,13,89,6.8461
1140,12,57,4.75
1141,45,216,4.8
1142,60,140,2.3333
1143,18,24,1.3333
1144,18,20,1.1111
1145,11,96,8.7272
1146,23,127,5.5217
1147,110,110,1
1148,50,75,1.5
1149,51,161,3.1568
1150,11,96,8.7272
1151,16,16,1
1152,11,89,8.0909
1153,165,140,0.8484
1154,75,67,0.8933
1155,80,83,1.0375
1156,35,75,2.1428
1157,57,85,1.4912
1158,51,161,3.1568
1159,276,150,0.5434
1160,16,16,1
1161,46,75,1.6304
1162,31,88,2.8387
1163,165,140,0.8484
1164,35,62,1.7714
1165,51,161,3.1568
1166,23,127,5.5217
1167,50,50,1
1168,52,15,0.2884
1169,120,166,1.3833
1170,16,16,1
1171,11,64,5.8181
1172,11,400,36.3636
1173,15,107,7.1333
1174,11,89,8.0909
1175,31,88,2.8387
1176,48,264,5.5
1177,11,94,8.5454
1178,46,96,2.0869
1179,51,161,3.1568
1180,70,50,0.7142
1181,12,85,7.0833
1182,43,108,2.5116
1183,63,150,2.3809
1184,12,86,7.1666
1185,16,130,8.125
1186,11,96,8.7272
1187,110,140,1.2727
1188,40,102,2.55
1189,16,16,1
1190,41,119,2.9024
1191,12,102,8.5
1192,77,77,1
1193,100,178,1.78
1194,42,372,8.8571
1195,23,127,5.5217
1196,16,20,1.25
1197,43,126,2.9302
1198,45,216,4.8
1199,75,66,0.88
1200,81,85,1.0493
1201,12,89,7.4166
1202,96,175,1.8229
1203,40,40,1
1204,12,101,8.4166
1205,40,70,1.75
1206,45,216,4.8
1207,24,24,1
1208,98,162,1.653
1209,162,600,3.7037
1210,16,130,8.125
1211,15,80,5.3333
1212,110,90,0.8181
1213,102,179,1.7549
1214,149,182,1.2214
1215,16,130,8.125
1216,29,160,5.5172
1217,15,80,5.3333
1218,138,139,1.0072
1219,31,88,2.8387
1220,40,70,1.75
1221,47,120,2.5531
1222,51,161,3.1568
1223,45,240,5.3333
1224,15,80,5.3333
1225,31,88,2.8387
1226,75,97,1.2933
1227,23,127,5.5217
1228,165,140,0.8484
1229,70,15,0.2142
1230,12,98,8.1666
1231,16,16,1
1232,24,24,1
1233,225,225,1
1234,16,16,1
1235,102,179,1.7549
1236,35,187,5.3428
1237,24,24,1
1238,50,50,1
1239,362,350,0.9668
1240,31,88,2.8387
1241,51,161,3.1568
1242,40,61,1.525
1243,11,96,8.7272
1244,10,600,60
1245,51,161,3.1568
1246,90,128,1.4222
1247,11,94,8.5454
1248,41,61,1.4878
1249,15,80,5.3333
1250,11,94,8.5454
1251,24,24,1
1252,40,86,2.15
1253,20,96,4.8
1254,16,16,1
1255,35,135,3.8571
1256,57,319,5.5964
1257,165,43,0.2606
1258,24,30,1.25
1259,150,238,1.5866
1260,100,100,1
1261,39,78,2
1262,55,55,1
1263,165,43,0.2606
1264,12,59,4.9166
1265,14,82,5.8571
1266,40,111,2.775
1267,35,146,4.1714
1268,40,400,10
1269,115,205,1.7826
1270,16,16,1
1271,70,100,1.4285
1272,31,112,3.6129
1273,11,89,8.0909
1274,24,150,6.25
1275,48,264,5.5
1276,77,100,1.2987
1277,170,207,1.2176
1278,293,175,0.5972
1279,24,30,1.25
1280,25,25,1
1281,11,64,5.8181
1282,16,16,1
1283,27,43,1.5925
1284,42,42,1
1285,125,200,1.6
1286,10,34,3.4
1287,11,94,8.5454
1288,24,24,1
1289,195,127,0.6512
1290,28,105,3.75
1291,50,81,1.62
1292,140,140,1
1293,24,24,1
1294,35,119,3.4
1295,36,140,3.8888
1296,99,437,4.4141
1297,114,107,0.9385
1298,24,30,1.25
1299,23,26,1.1304
1300,214,204,0.9532
1301,40,129,3.225
1302,24,24,1
1303,24,150,6.25
1304,24,30,1.25
1305,38,38,1
1306,31,88,2.8387
1307,25,100,4
1308,22,200,9.0909
1309,16,81,5.0625
1310,24,30,1.25
1311,100,100,1
1312,31,88,2.8387
1313,23,66,2.8695
1314,15,80,5.3333
1315,211,210,0.9952
1316,38,38,1
1317,16,16,1
1318,60,80,1.3333
1319,180,224,1.2444
1320,12,101,8.4166
1321,36,41,1.1388
1322,86,83,0.9651
1323,38,160,4.2105
1324,40,40,1
1325,40,48,1.2
1326,52,144,2.7692
1327,258,257,0.9961
1328,25,100,4
1329,36,140,3.8888
1330,12,98,8.1666
1331,39,71,1.8205
1332,10,38,3.8
1333,24,150,6.25
1334,12,102,8.5
1335,25,100,4
1336,16,16,1
1337,26,104,4
1338,25,100,4
1339,35,99,2.8285
1340,31,88,2.8387
1341,20,96,4.8
1342,12,57,4.75
1343,26,104,4
1344,10,46,4.6
1345,42,43,1.0238
1346,200,200,1
1347,58,58,1
1348,24,30,1.25
1349,40,48,1.2
1350,52,144,2.7692
1351,36,140,3.8888
1352,30,30,1
1353,28,105,3.75
1354,43,40,0.9302
1355,10,21,2.1
1356,31,88,2.8387
1357,70,96,1.3714
1358,52,144,2.7692
1359,103,92,0.8932
1360,42,43,1.0238
1361,169,94,0.5562
1362,28,105,3.75
1363,98,150,1.5306
1364,108,110,1.0185
1365,90,85,0.9444
1366,67,104,1.5522
1367,43,42,0.9767
1368,16,86,5.375
1369,22,200,9.0909
1370,52,144,2.7692
1371,75,200,2.6666
1372,100,100,1
1373,53,53,1
1374,24,30,1.25
1375,16,16,1
1376,38,41,1.0789
1377,26,104,4
1378,134,184,1.3731
1379,24,30,1.25
1380,28,105,3.75
1381,16,90,5.625
1382,40,48,1.2
1383,36,140,3.8888
1384,26,104,4
1385,24,30,1.25
1386,18,66,3.6666
1387,154,231,1.5
1388,36,140,3.8888
1389,11,64,5.8181
1390,10,600,60
1391,28,105,3.75
1392,52,144,2.7692
1393,54,56,1.037
1394,16,43,2.6875
1395,16,16,1
1396,28,105,3.75
1397,30,143,4.7666
1398,105,101,0.9619
1399,75,95,1.2666
1400,28,105,3.75
1401,60,55,0.9166
1402,43,114,2.6511
1403,45,45,1
1404,24,30,1.25
1405,25,100,4
1406,40,48,1.2
1407,38,44,1.1578
1408,28,105,3.75
1409,109,108,0.9908
1410,52,15,0.2884
1411,16,16,1
1412,205,200,0.9756
1413,49,87,1.7755
1414,43,43,1
1415,99,150,1.5151
1416,90,65,0.7222
1417,114,110,0.9649
1418,105,150,1.4285
1419,49,87,1.7755
1420,31,88,2.8387
1421,61,185,3.0327
1422,11,64,5.8181
1423,19,450,23.6842
1424,80,125,1.5625
1425,49,119,2.4285
1426,69,325,4.7101
1427,56,100,1.7857
1428,28,105,3.75
1429,80,125,1.5625
1430,22,122,5.5454
1431,110,393,3.5727
1432,16,16,1
1433,22,250,11.3636
1434,28,105,3.75
1435,120,150,1.25
1436,24,24,1
1437,61,65,1.0655
1438,100,150,1.5
1439,35,288,8.2285
1440,24,30,1.25
1441,68,92,1.3529
1442,227,180,0.7929
1443,31,88,2.8387
1444,51,115,2.2549
1445,16,54,3.375
1446,39,143,3.6666
1447,104,150,1.4423
1448,75,99,1.32
1449,111,110,0.9909
1450,110,275,2.5
1451,32,32,1
1452,28,105,3.75
1453,25,31,1.24
1454,24,24,1
1455,62,120,1.9354
1456,49,61,1.2448
1457,24,30,1.25
1458,38,198,5.2105
1459,109,91,0.8348
1460,16,16,1
1461,16,76,4.75
1462,32,32,1
1463,125,95,0.76
1464,100,150,1.5
1465,87,150,1.7241
1466,149,182,1.2214
1467,35,97,2.7714
1468,129,149,1.155
1469,151,393,2.6026
1470,106,183,1.7264
1471,35,64,1.8285
1472,100,100,1
1473,58,252,4.3448
1474,113,110,0.9734
1475,102,179,1.7549
1476,106,90,0.849
1477,16,16,1
1478,100,89,0.89
1479,24,30,1.25
1480,50,50,1
1481,36,35,0.9722
1482,480,640,1.3333
1483,51,80,1.5686
1484,113,110,0.9734
1485,34,133,3.9117
1486,57,45,0.7894
1487,74,70,0.9459
1488,51,80,1.5686
1489,154,231,1.5
1490,15,80,5.3333
1491,105,200,1.9047
1492,100,150,1.5
1493,100,190,1.9
1494,24,30,1.25
1495,100,172,1.72
1496,134,184,1.3731
1497,29,230,7.931
1498,95,150,1.5789
1499,94,73,0.7765
1500,65,45,0.6923
1501,19,19,1
1502,112,110,0.9821
1503,24,30,1.25
1504,160,126,0.7875
1505,33,33,1
1506,151,236,1.5629
1507,60,67,1.1166
1508,19,96,5.0526
1509,58,55,0.9482
1510,60,100,1.6666
1511,51,80,1.5686
1512,16,16,1
1513,94,289,3.0744
1514,72,72,1
1515,50,54,1.08
1516,70,65,0.9285
1517,32,32,1
1518,35,64,1.8285
1519,16,16,1
1520,15,80,5.3333
1521,12,55,4.5833
1522,350,212,0.6057
1523,31,88,2.8387
1524,10,44,4.4
1525,58,252,4.3448
1526,15,80,5.3333
1527,40,590,14.75
1528,12,101,8.4166
1529,24,30,1.25
1530,100,167,1.67
1531,15,80,5.3333
1532,82,84,1.0243
1533,83,110,1.3253
1534,110,76,0.6909
1535,72,15,0.2083
1536,24,24,1
1537,16,16,1
1538,134,184,1.3731
1539,35,75,2.1428
1540,30,124,4.1333
1541,15,80,5.3333
1542,28,280,10
1543,31,88,2.8387
1544,23,26,1.1304
1545,12,74,6.1666
1546,35,70,2
1547,10,600,60
1548,91,180,1.978
1549,140,180,1.2857
1550,24,30,1.25
1551,15,80,5.3333
1552,24,24,1
1553,154,231,1.5
1554,35,84,2.4
1555,24,30,1.25
1556,246,180,0.7317
1557,40,237,5.925
1558,15,80,5.3333
1559,140,180,1.2857
1560,31,88,2.8387
1561,28,230,8.2142
1562,140,180,1.2857
1563,26,120,4.6153
1564,50,400,8
1565,15,80,5.3333
1566,28,230,8.2142
1567,42,125,2.9761
1568,40,140,3.5
1569,31,88,2.8387
1570,24,30,1.25
1571,16,109,6.8125
1572,24,24,1
1573,141,419,2.9716
1574,62,88,1.4193
1575,15,80,5.3333
1576,96,65,0.677
1577,15,80,5.3333
1578,31,88,2.8387
1579,15,80,5.3333
1580,110,120,1.0909
1581,28,229,8.1785
1582,31,88,2.8387
1583,11,89,8.0909
1584,140,140,1
1585,23,26,1.1304
1586,100,505,5.05
1587,57,55,0.9649
1588,18,24,1.3333
1589,12,98,8.1666
1590,28,100,3.5714
1591,11,64,5.8181
1592,62,128,2.0645
1593,100,100,1
1594,80,90,1.125
1595,60,60,1
1596,46,96,2.0869
1597,80,76,0.95
1598,46,96,2.0869
1599,12,102,8.5
1600,11,96,8.7272
1601,101,389,3.8514
1602,100,80,0.8
1603,48,80,1.6666
1604,12,101,8.4166
1605,12,57,4.75
1606,12,101,8.4166
1607,33,33,1
1608,100,100,1
1609,43,44,1.0232
1610,100,505,5.05
1611,118,136,1.1525
1612,28,100,3.5714
1613,100,100,1
1614,33,33,1
1615,23,26,1.1304
1616,11,89,8.0909
1617,52,15,0.2884
1618,46,96,2.0869
1619,18,24,1.3333
1620,46,96,2.0869
1621,90,90,1
1622,11,64,5.8181
1623,46,96,2.0869
1624,58,252,4.3448
1625,20,100,5
1626,75,200,2.6666
1627,11,64,5.8181
1628,46,96,2.0869
1629,12,98,8.1666
1630,60,60,1
1631,11,94,8.5454
1632,140,140,1
1633,46,96,2.0869
1634,40,40,1
1635,58,252,4.3448
1636,43,157,3.6511
1637,11,94,8.5454
1638,27,100,3.7037
1639,140,140,1
1640,80,86,1.075
1641,58,285,4.9137
1642,48,264,5.5
1643,65,52,0.8
1644,20,100,5
1645,58,252,4.3448
1646,86,72,0.8372
1647,20,100,5
1648,31,124,4
1649,12,102,8.5
1650,60,140,2.3333
1651,12,86,7.1666
1652,23,216,9.3913
1653,75,100,1.3333
1654,60,140,2.3333
1655,33,33,1
1656,95,110,1.1578
1657,46,96,2.0869
1658,100,100,1
1659,38,96,2.5263
1660,23,19,0.826
1661,12,101,8.4166
1662,39,90,2.3076
1663,60,43,0.7166
1664,30,100,3.3333
1665,80,89,1.1125
1666,138,200,1.4492
1667,19,80,4.2105
1668,12,102,8.5
1669,60,43,0.7166
1670,45,130,2.8888
1671,20,100,5
1672,12,101,8.4166
1673,50,50,1
1674,140,140,1
1675,103,149,1.4466
1676,60,43,0.7166
1677,18,128,7.1111
1678,100,505,5.05
1679,86,194,2.2558
1680,90,97,1.0777
1681,24,75,3.125
1682,40,40,1
1683,62,88,1.4193
1684,12,57,4.75
1685,30,100,3.3333
1686,46,96,2.0869
1687,60,140,2.3333
1688,80,88,1.1
1689,640,1,0.0015
1690,12,86,7.1666
1691,30,100,3.3333
1692,32,214,6.6875
1693,200,166,0.83
1694,49,49,1
1695,60,80,1.3333
1696,31,88,2.8387
1697,60,140,2.3333
1698,20,100,5
1699,11,96,8.7272
1700,10,600,60
1701,31,88,2.8387
1702,60,140,2.3333
1703,32,88,2.75
1704,83,200,2.4096
1705,60,43,0.7166
1706,46,96,2.0869
1707,80,86,1.075
1708,53,70,1.3207
1709,228,100,0.4385
1710,83,100,1.2048
1711,16,16,1
1712,25,120,4.8
1713,177,150,0.8474
1714,23,19,0.826
1715,47,49,1.0425
1716,136,207,1.522
1717,25,120,4.8
1718,80,87,1.0875
1719,150,124,0.8266
1720,20,100,5
1721,11,89,8.0909
1722,30,100,3.3333
1723,80,78,0.975
1724,18,129,7.1666
1725,11,94,8.5454
1726,30,100,3.3333
1727,43,114,2.6511
1728,10,600,60
1729,80,92,1.15
1730,37,34,0.9189
1731,25,120,4.8
1732,31,88,2.8387
1733,104,104,1
1734,31,124,4
1735,19,186,9.7894
1736,60,43,0.7166
1737,25,120,4.8
1738,12,101,8.4166
1739,80,89,1.1125
1740,23,19,0.826
1741,11,96,8.7272
1742,40,400,10
1743,60,43,0.7166
1744,20,125,6.25
1745,234,218,0.9316
1746,125,250,2
1747,124,289,2.3306
1748,23,19,0.826
1749,12,101,8.4166
1750,12,57,4.75
1751,60,43,0.7166
1752,80,94,1.175
1753,23,135,5.8695
1754,31,88,2.8387
1755,12,102,8.5
1756,71,373,5.2535
1757,24,120,5
1758,31,88,2.8387
1759,20,175,8.75
1760,150,108,0.72
1761,37,34,0.9189
1762,78,104,1.3333
1763,23,225,9.7826
1764,170,110,0.647
1765,23,19,0.826
1766,103,105,1.0194
1767,24,120,5
1768,75,200,2.6666
1769,24,75,3.125
1770,35,114,3.2571
1771,76,87,1.1447
1772,80,116,1.45
1773,55,75,1.3636
1774,38,96,2.5263
1775,60,43,0.7166
1776,18,57,3.1666
1777,81,129,1.5925
1778,57,345,6.0526
1779,11,89,8.0909
1780,78,104,1.3333
1781,80,95,1.1875
1782,31,241,7.7741
1783,15,82,5.4666
1784,23,19,0.826
1785,23,225,9.7826
1786,24,120,5
1787,80,80,1
1788,21,110,5.238
1789,32,248,7.75
1790,33,85,2.5757
1791,80,94,1.175
1792,14,70,5
1793,100,111,1.11
1794,24,120,5
1795,40,68,1.7
1796,11,94,8.5454
1797,95,94,0.9894
1798,32,214,6.6875
1799,254,212,0.8346
1800,23,19,0.826
1801,110,178,1.6181
1802,25,68,2.72
1803,33,224,6.7878
1804,64,203,3.1718
1805,31,209,6.7419
1806,210,244,1.1619
1807,25,120,4.8
1808,68,66,0.9705
1809,106,119,1.1226
1810,80,87,1.0875
1811,60,60,1
1812,23,19,0.826
1813,19,96,5.0526
1814,60,80,1.3333
1815,20,175,8.75
1816,11,64,5.8181
1817,60,73,1.2166
1818,64,250,3.9062
1819,36,75,2.0833
1820,23,26,1.1304
1821,75,95,1.2666
1822,20,100,5
1823,23,26,1.1304
1824,25,112,4.48
1825,120,120,1
1826,20,175,8.75
1827,80,87,1.0875
1828,60,43,0.7166
1829,80,100,1.25
1830,1,1,1
1831,50,50,1
1832,292,151,0.5171
1833,66,155,2.3484
1834,12,98,8.1666
1835,311,367,1.18
1836,103,80,0.7766
1837,80,87,1.0875
1838,80,90,1.125
1839,19,37,1.9473
1840,25,46,1.84
1841,12,101,8.4166
1842,95,110,1.1578
1843,329,207,0.6291
1844,12,57,4.75
1845,72,367,5.0972
1846,20,191,9.55
1847,75,95,1.2666
1848,31,88,2.8387
1849,40,399,9.975
1850,40,130,3.25
1851,31,88,2.8387
1852,90,90,1
1853,95,110,1.1578
1854,77,370,4.8051
1855,33,35,1.0606
1856,20,100,5
1857,176,408,2.3181
1858,95,104,1.0947
1859,328,120,0.3658
1860,77,108,1.4025
1861,35,126,3.6
1862,60,75,1.25
1863,11,96,8.7272
1864,12,101,8.4166
1865,80,90,1.125
1866,80,87,1.0875
1867,17,98,5.7647
1868,46,173,3.7608
1869,77,108,1.4025
1870,80,89,1.1125
1871,31,88,2.8387
1872,23,98,4.2608
1873,120,120,1
1874,77,370,4.8051
1875,40,120,3
1876,30,129,4.3
1877,80,89,1.1125
1878,77,108,1.4025
1879,17,38,2.2352
1880,20,134,6.7
1881,120,120,1
1882,14,67,4.7857
1883,16,100,6.25
1884,90,95,1.0555
1885,20,20,1
1886,77,108,1.4025
1887,20,134,6.7
1888,32,128,4
1889,140,172,1.2285
1890,31,88,2.8387
1891,22,110,5
1892,39,100,2.5641
1893,35,126,3.6
1894,210,188,0.8952
1895,70,50,0.7142
1896,66,360,5.4545
1897,20,134,6.7
1898,162,245,1.5123
1899,14,21,1.5
1900,31,88,2.8387
1901,90,100,1.1111
1902,28,91,3.25
1903,50,40,0.8
1904,151,120,0.7947
1905,236,214,0.9067
1906,29,87,3
1907,95,110,1.1578
1908,39,325,8.3333
1909,40,40,1
1910,62,88,1.4193
1911,153,213,1.3921
1912,22,110,5
1913,42,412,9.8095
1914,26,122,4.6923
1915,102,179,1.7549
1916,24,24,1
1917,31,88,2.8387
1918,63,75,1.1904
1919,32,32,1
1920,90,128,1.4222
1921,78,139,1.782
1922,143,214,1.4965
1923,22,110,5
1924,149,182,1.2214
1925,76,108,1.421
1926,27,73,2.7037
1927,102,179,1.7549
1928,174,100,0.5747
1929,31,88,2.8387
1930,115,205,1.7826
1931,146,141,0.9657
1932,30,90,3
1933,149,182,1.2214
1934,204,195,0.9558
1935,24,24,1
1936,36,88,2.4444
1937,25,83,3.32
1938,17,102,6
1939,62,88,1.4193
1940,12,101,8.4166
1941,39,67,1.7179
1942,11,115,10.4545
1943,31,88,2.8387
1944,140,140,1
1945,16,100,6.25
1946,150,250,1.6666
1947,24,74,3.0833
1948,24,24,1
1949,36,142,3.9444
1950,115,205,1.7826
1951,31,88,2.8387
1952,40,70,1.75
1953,100,84,0.84
1954,144,216,1.5
1955,39,150,3.8461
1956,20,90,4.5
1957,31,241,7.7741
1958,18,18,1
1959,12,101,8.4166
1960,14,109,7.7857
1961,133,200,1.5037
1962,60,240,4
1963,133,200,1.5037
1964,62,148,2.387
1965,40,70,1.75
1966,324,210,0.6481
1967,26,122,4.6923
1968,173,136,0.7861
1969,138,223,1.6159
1970,110,125,1.1363
1971,324,210,0.6481
1972,74,78,1.054
1973,149,182,1.2214
1974,90,64,0.7111
1975,325,397,1.2215
1976,37,34,0.9189
1977,26,122,4.6923
1978,31,88,2.8387
1979,140,140,1
1980,40,70,1.75
1981,64,64,1
1982,131,132,1.0076
1983,141,254,1.8014
1984,12,67,5.5833
1985,140,140,1
1986,16,55,3.4375
1987,49,103,2.102
1988,146,141,0.9657
1989,36,150,4.1666
1990,28,118,4.2142
1991,31,88,2.8387
1992,103,132,1.2815
1993,36,114,3.1666
1994,33,88,2.6666
1995,150,150,1
1996,149,182,1.2214
1997,32,88,2.75
1998,181,200,1.1049
1999,140,140,1
2000,12,108,9
2001,150,200,1.3333
2002,105,134,1.2761
2003,50,66,1.32
2004,23,26,1.1304
2005,145,242,1.6689
2006,114,100,0.8771
2007,245,200,0.8163
2008,110,120,1.0909
2009,150,200,1.3333
2010,50,400,8
2011,118,89,0.7542
2012,31,88,2.8387
2013,12,85,7.0833
2014,31,209,6.7419
2015,50,94,1.88
2016,76,100,1.3157
2017,76,108,1.421
2018,50,40,0.8
2019,180,241,1.3388
2020,120,160,1.3333
2021,46,100,2.1739
2022,110,108,0.9818
2023,38,96,2.5263
2024,194,175,0.902
2025,131,200,1.5267
2026,194,184,0.9484
2027,31,88,2.8387
2028,200,201,1.005
2029,12,101,8.4166
2030,50,50,1
2031,15,60,4
2032,230,200,0.8695
2033,32,248,7.75
2034,145,200,1.3793
2035,200,200,1
2036,102,88,0.8627
2037,30,90,3
2038,132,130,0.9848
2039,26,104,4
2040,24,120,5
2041,11,70,6.3636
2042,32,32,1
2043,16,250,15.625
2044,80,84,1.05
2045,26,104,4
2046,102,179,1.7549
2047,26,58,2.2307
2048,151,120,0.7947
2049,24,120,5
2050,200,179,0.895
2051,300,450,1.5
2052,137,150,1.0948
2053,11,94,8.5454
2054,75,200,2.6666
2055,74,102,1.3783
2056,196,178,0.9081
2057,125,200,1.6
2058,178,110,0.6179
2059,120,150,1.25
2060,62,61,0.9838
2061,33,88,2.6666
2062,27,69,2.5555
2063,26,104,4
2064,222,300,1.3513
2065,26,104,4
2066,11,64,5.8181
2067,110,161,1.4636
2068,25,85,3.4
2069,135,200,1.4814
2070,26,104,4
2071,40,200,5
2072,102,179,1.7549
2073,152,200,1.3157
2074,23,26,1.1304
2075,40,200,5
2076,11,64,5.8181
2077,125,250,2
2078,20,95,4.75
2079,67,134,2
2080,75,95,1.2666
2081,11,89,8.0909
2082,30,130,4.3333
2083,24,120,5
2084,10,600,60
2085,80,82,1.025
2086,100,50,0.5
2087,38,96,2.5263
2088,187,248,1.3262
2089,24,120,5
2090,30,130,4.3333
2091,24,120,5
2092,10,600,60
2093,11,94,8.5454
2094,80,84,1.05
2095,12,57,4.75
2096,132,130,0.9848
2097,12,57,4.75
2098,117,233,1.9914
2099,209,200,0.9569
2100,90,90,1
2101,20,95,4.75
2102,11,96,8.7272
2103,90,90,1
2104,28,100,3.5714
2105,11,96,8.7272
2106,125,250,2
2107,60,468,7.8
2108,308,125,0.4058
2109,199,484,2.4321
2110,20,134,6.7
2111,72,105,1.4583
2112,24,120,5
2113,40,200,5
2114,158,194,1.2278
2115,20,95,4.75
2116,42,42,1
2117,46,125,2.7173
2118,54,64,1.1851
2119,12,102,8.5
2120,102,179,1.7549
2121,20,134,6.7
2122,21,86,4.0952
2123,40,200,5
2124,12,101,8.4166
2125,60,296,4.9333
2126,40,200,5
2127,24,120,5
2128,100,83,0.83
2129,24,120,5
2130,119,209,1.7563
2131,170,170,1
2132,145,200,1.3793
2133,40,46,1.15
2134,40,160,4
2135,11,89,8.0909
2136,30,30,1
2137,151,199,1.3178
2138,103,273,2.6504
2139,146,250,1.7123
2140,16,16,1
2141,80,89,1.1125
2142,22,204,9.2727
2143,66,73,1.106
2144,49,114,2.3265
2145,110,110,1
2146,224,204,0.9107
2147,226,277,1.2256
2148,30,30,1
2149,16,16,1
2150,161,130,0.8074
2151,90,90,1
2152,163,164,1.0061
2153,154,231,1.5
2154,100,300,3
2155,11,89,8.0909
2156,84,85,1.0119
2157,12,101,8.4166
2158,16,60,3.75
2159,12,102,8.5
2160,31,88,2.8387
2161,27,57,2.1111
2162,12,102,8.5
2163,17,77,4.5294
2164,60,468,7.8
2165,134,184,1.3731
2166,20,134,6.7
2167,120,180,1.5
2168,134,184,1.3731
2169,61,61,1
2170,12,101,8.4166
2171,11,64,5.8181
2172,171,210,1.228
2173,10,600,60
2174,55,177,3.2181
2175,108,120,1.1111
2176,20,95,4.75
2177,75,101,1.3466
2178,90,90,1
2179,30,143,4.7666
2180,30,30,1
2181,11,94,8.5454
2182,20,134,6.7
2183,97,300,3.0927
2184,27,175,6.4814
2185,23,26,1.1304
2186,106,107,1.0094
2187,12,86,7.1666
2188,62,82,1.3225
2189,31,88,2.8387
2190,38,88,2.3157
2191,75,100,1.3333
2192,12,102,8.5
2193,20,20,1
2194,60,196,3.2666
2195,14,63,4.5
2196,160,180,1.125
2197,200,200,1
2198,65,110,1.6923
2199,62,62,1
2200,60,80,1.3333
2201,38,88,2.3157
2202,70,50,0.7142
2203,12,101,8.4166
2204,149,182,1.2214
2205,32,328,10.25
2206,20,134,6.7
2207,38,88,2.3157
2208,36,180,5
2209,22,110,5
2210,11,96,8.7272
2211,100,100,1
2212,154,108,0.7012
2213,131,156,1.1908
2214,10,600,60
2215,22,110,5
2216,32,75,2.3437
2217,11,89,8.0909
2218,95,109,1.1473
2219,140,140,1
2220,119,152,1.2773
2221,12,10,0.8333
2222,36,180,5
2223,55,150,2.7272
2224,48,264,5.5
2225,20,134,6.7
2226,35,150,4.2857
2227,36,180,5
2228,134,184,1.3731
2229,135,110,0.8148
2230,12,57,4.75
2231,133,158,1.1879
2232,89,83,0.9325
2233,12,86,7.1666
2234,12,57,4.75
2235,140,180,1.2857
2236,149,182,1.2214
2237,145,156,1.0758
2238,12,101,8.4166
2239,10,331,33.1
2240,25,120,4.8
2241,119,150,1.2605
2242,36,180,5
2243,25,120,4.8
2244,140,140,1
2245,82,337,4.1097
2246,12,10,0.8333
2247,11,96,8.7272
2248,12,101,8.4166
2249,22,21,0.9545
2250,40,40,1
2251,25,120,4.8
2252,110,95,0.8636
2253,160,180,1.125
2254,120,180,1.5
2255,154,231,1.5
2256,12,86,7.1666
2257,115,205,1.7826
2258,40,40,1
2259,18,24,1.3333
2260,158,108,0.6835
2261,117,115,0.9829
2262,300,178,0.5933
2263,12,102,8.5
2264,154,231,1.5
2265,32,40,1.25
2266,60,70,1.1666
2267,12,101,8.4166
2268,20,90,4.5
2269,34,34,1
2270,12,98,8.1666
2271,154,231,1.5
2272,31,88,2.8387
2273,23,26,1.1304
2274,200,200,1
2275,75,100,1.3333
2276,150,200,1.3333
2277,75,200,2.6666
2278,64,144,2.25
2279,40,120,3
2280,40,46,1.15
2281,25,100,4
2282,36,36,1
2283,25,120,4.8
2284,200,166,0.83
2285,36,180,5
2286,32,37,1.1562
2287,75,95,1.2666
2288,10,331,33.1
2289,173,150,0.867
2290,32,78,2.4375
2291,160,180,1.125
2292,10,600,60
2293,11,94,8.5454
2294,160,180,1.125
2295,35,36,1.0285
2296,11,64,5.8181
2297,36,180,5
2298,25,100,4
2299,88,88,1
2300,23,26,1.1304
2301,16,16,1
2302,90,90,1
2303,200,200,1
2304,12,150,12.5
2305,64,250,3.9062
2306,102,179,1.7549
2307,64,144,2.25
2308,64,144,2.25
2309,10,600,60
2310,32,33,1.0312
2311,115,115,1
2312,110,170,1.5454
2313,160,180,1.125
2314,183,159,0.8688
2315,109,110,1.0091
2316,147,206,1.4013
2317,94,222,2.3617
2318,16,16,1
2319,120,130,1.0833
2320,60,140,2.3333
2321,25,100,4
2322,40,400,10
2323,160,180,1.125
2324,95,222,2.3368
2325,150,150,1
2326,34,105,3.0882
2327,128,178,1.3906
2328,184,153,0.8315
2329,60,140,2.3333
2330,140,180,1.2857
2331,154,213,1.3831
2332,20,90,4.5
2333,140,180,1.2857
2334,115,190,1.6521
2335,184,140,0.7608
2336,25,100,4
2337,40,40,1
2338,100,85,0.85
2339,60,120,2
2340,137,150,1.0948
2341,90,119,1.3222
2342,10,600,60
2343,148,225,1.5202
2344,16,16,1
2345,25,100,4
2346,110,109,0.9909
2347,25,100,4
2348,16,16,1
2349,110,109,0.9909
2350,31,88,2.8387
2351,71,87,1.2253
2352,25,100,4
2353,146,158,1.0821
2354,136,150,1.1029
2355,10,600,60
2356,12,101,8.4166
2357,40,100,2.5
2358,16,16,1
2359,24,75,3.125
2360,25,100,4
2361,55,175,3.1818
2362,10,600,60
2363,11,64,5.8181
2364,150,200,1.3333
2365,16,16,1
2366,134,184,1.3731
2367,23,26,1.1304
2368,40,130,3.25
2369,158,192,1.2151
2370,25,100,4
2371,106,110,1.0377
2372,30,30,1
2373,170,94,0.5529
2374,101,140,1.3861
2375,23,120,5.2173
2376,40,40,1
